step,hour_of_day,traffic_congestion,total_vehicles,rerouted_vehicles,congested_roads,odd_even_active,green_wave_active,energy_usage,energy_supply,renewable_mw,non_renewable_mw,emissions_kg,blackout,total_waste_kg,collected_waste_kg,overflow_bins,aqi,high_pollution,severity,water_consumption_kl,water_demand_kl,water_deficit_kl,reservoir_level_pct,drainage_overflows,avg_drainage_load_pct,water_rationing_active,emergency_incidents,critical_incidents,avg_response_time_min,avg_hospital_occupancy,overloaded_hospitals
0,0,0.2104,1056,0,0,0,0,3.5,3.5,2.0,1.5,676.47,0,271.82,102.13,0,67.25,0,MODERATE,133.2,133.2,0.0,87.1,0,24.4,0,4,0,10.5,57.9,0
1,1,0.2081,1061,0,0,0,1,3.35,3.35,3.03,0.32,144.6,0,249.76,212.7,0,71.09,0,MODERATE,82.2,82.2,0.0,89.7,0,25.3,0,4,2,9.3,55.6,0
2,2,0.2047,1043,0,0,0,1,3.53,3.53,2.34,1.19,534.56,0,250.0,184.05,0,78.73,0,MODERATE,74.6,74.6,0.0,92.3,0,26.3,0,6,2,7.4,55.0,0
3,3,0.2047,1041,0,0,0,1,3.58,3.58,2.12,1.46,657.47,0,265.56,286.96,0,83.48,0,MODERATE,69.5,69.5,0.0,95.0,0,25.0,0,5,2,7.1,53.0,0
4,4,0.2049,1035,0,0,0,0,3.48,3.48,1.72,1.76,791.97,0,257.91,291.44,0,87.37,0,MODERATE,105.4,105.4,0.0,97.3,0,26.8,0,3,0,7.9,50.9,0
5,5,0.1797,913,0,0,0,1,3.61,3.61,2.07,1.55,695.4,0,257.49,189.83,0,83.73,0,MODERATE,188.6,188.6,0.0,99.0,0,24.8,0,6,1,9.6,50.4,0
6,6,0.1799,909,0,0,0,0,5.26,5.26,2.28,2.98,1341.78,0,238.17,276.6,0,93.54,0,MODERATE,297.0,297.0,0.0,99.9,0,22.9,0,3,0,8.0,48.5,0
7,7,0.2151,1085,0,0,0,1,7.68,7.68,3.77,3.91,1758.96,0,231.7,272.48,0,109.03,0,UNHEALTHY,532.0,532.0,0.0,98.9,0,25.9,0,3,1,9.0,46.3,0
8,8,0.2038,1026,0,0,0,0,7.67,7.67,4.92,2.75,1237.65,0,233.41,173.48,0,103.82,0,UNHEALTHY,580.4,580.4,0.0,97.5,0,24.8,0,5,0,7.4,45.0,0
9,9,0.1906,976,0,0,0,1,10.94,10.94,7.0,3.94,1770.83,0,235.82,258.04,0,109.78,0,UNHEALTHY,445.0,445.0,0.0,97.2,0,25.2,0,4,1,8.4,44.0,0
10,10,0.1852,945,0,0,0,0,8.69,8.69,7.95,0.74,333.44,0,263.72,287.59,0,86.1,0,MODERATE,351.7,351.7,0.0,97.6,0,28.1,0,3,0,7.9,42.6,0
11,11,0.2062,1036,0,0,0,0,8.69,8.69,7.89,0.8,359.05,0,250.17,178.85,0,80.87,0,MODERATE,314.8,314.8,0.0,98.4,0,26.0,0,3,0,11.3,40.8,0
12,12,0.2015,1043,0,0,0,0,8.8,8.8,8.17,0.63,283.63,0,250.01,280.1,0,77.66,0,MODERATE,311.0,311.0,0.0,99.1,0,24.2,0,3,0,10.1,40.0,0
13,13,0.1914,984,0,0,0,0,8.7,8.7,8.7,0.0,0.0,0,245.07,305.88,0,70.09,0,MODERATE,301.6,301.6,0.0,99.9,0,24.3,0,4,0,11.3,39.1,0
14,14,0.1981,999,0,0,0,0,8.41,8.41,7.5,0.92,413.42,0,254.65,173.52,0,75.16,0,MODERATE,293.1,293.1,0.0,100.0,0,56.5,0,6,0,10.9,39.3,0
15,15,0.1948,1002,0,0,0,0,8.59,8.59,6.91,1.68,756.24,0,258.76,269.73,0,82.8,0,MODERATE,306.7,306.7,0.0,100.0,0,55.1,0,6,0,10.5,39.3,0
16,16,0.2024,1010,0,0,0,1,8.38,8.38,4.84,3.54,1592.19,0,243.38,296.71,0,100.43,0,UNHEALTHY,372.6,372.6,0.0,100.0,0,58.2,0,6,3,7.8,39.3,0
17,17,0.2168,1103,0,0,1,0,8.54,8.54,3.09,5.44,2449.62,0,261.17,193.26,0,123.8,1,UNHEALTHY,516.9,516.9,0.0,99.1,0,27.0,0,4,0,7.8,38.2,0
18,18,0.1074,541,0,0,1,1,8.65,6.34,2.75,3.59,1614.59,1,252.84,287.01,0,102.32,0,UNHEALTHY,581.4,581.4,0.0,97.7,0,28.6,0,6,1,8.9,38.5,0
19,19,0.0983,509,0,0,1,0,8.51,6.61,3.02,3.59,1615.48,1,247.94,280.78,0,93.82,0,MODERATE,526.6,526.6,0.0,96.8,0,25.5,0,3,0,7.4,37.2,0
20,20,0.106,534,0,0,1,1,8.87,5.8,2.24,3.56,1599.86,1,230.89,180.09,0,91.4,0,MODERATE,436.3,436.3,0.0,96.5,0,27.7,0,3,1,8.7,35.9,0
21,21,0.0956,488,0,0,1,0,8.72,5.22,1.59,3.63,1632.3,1,270.67,278.43,0,89.8,0,MODERATE,355.5,355.5,0.0,96.9,0,26.7,0,5,0,7.5,36.3,0
22,22,0.0997,500,0,0,1,0,8.22,5.99,2.37,3.62,1630.55,1,270.46,302.54,0,89.55,0,MODERATE,264.0,264.0,0.0,98.0,0,25.9,0,5,0,9.0,36.4,0
23,23,0.1093,554,0,0,1,1,5.39,5.39,1.89,3.5,1577.08,0,239.3,189.89,0,89.96,0,MODERATE,148.9,148.9,0.0,100.0,0,26.6,0,4,2,7.9,35.5,0
24,0,0.099,502,0,0,0,0,3.54,3.54,3.02,0.52,233.62,0,254.81,283.55,0,65.44,0,MODERATE,122.5,122.5,0.0,100.0,0,26.3,0,4,0,7.0,34.8,0
25,1,0.2228,1129,0,0,0,1,3.6,3.6,2.08,1.52,684.47,0,256.53,292.41,0,81.72,0,MODERATE,84.9,84.9,0.0,100.0,0,24.0,0,4,1,8.4,34.6,0
26,2,0.2031,1027,0,0,0,0,3.38,3.38,1.72,1.67,750.22,0,261.05,188.18,0,85.82,0,MODERATE,75.7,75.7,0.0,100.0,0,25.1,0,6,0,7.3,35.5,0
27,3,0.1884,968,0,0,0,1,3.44,3.44,3.44,0.0,0.0,0,252.18,261.53,0,72.51,0,MODERATE,73.8,73.8,0.0,100.0,0,26.7,0,7,1,9.2,35.8,0
28,4,0.1968,984,0,0,0,0,3.37,3.37,2.67,0.69,312.69,0,261.79,330.08,0,73.87,0,MODERATE,114.5,114.5,0.0,100.0,0,26.7,0,5,0,7.9,36.0,0
29,5,0.2063,1033,0,0,0,1,3.53,3.53,2.82,0.7,316.8,0,263.99,175.49,0,75.76,0,MODERATE,182.4,182.4,0.0,100.0,0,24.1,0,5,1,9.7,35.4,0
30,6,0.1965,997,0,0,0,0,5.2,5.2,3.35,1.85,831.73,0,256.67,292.89,0,84.3,0,MODERATE,337.5,337.5,0.0,100.0,0,26.0,0,7,0,7.6,36.5,0
31,7,0.1936,981,0,0,0,0,8.07,8.07,4.13,3.94,1771.15,0,247.21,306.6,0,103.17,0,UNHEALTHY,526.1,526.1,0.0,99.0,0,24.2,0,5,0,11.4,36.7,0
32,8,0.2037,1037,0,0,0,1,7.42,7.42,5.83,1.59,716.84,0,274.19,183.3,0,92.93,0,MODERATE,605.8,605.8,0.0,97.5,0,24.1,0,5,1,9.2,36.5,0
33,9,0.1991,1016,0,0,0,0,10.79,10.79,6.79,4.01,1803.09,0,267.63,297.46,0,107.63,0,UNHEALTHY,434.1,434.1,0.0,97.2,0,24.7,0,3,0,7.9,35.3,0
34,10,0.2017,1027,0,0,0,1,8.7,8.7,7.27,1.43,643.66,0,251.54,310.2,0,92.97,0,MODERATE,395.3,395.3,0.0,97.3,0,25.1,0,5,2,9.4,35.3,0
35,11,0.2126,1069,0,0,0,1,8.67,8.67,7.81,0.86,388.05,0,265.74,179.65,0,84.63,0,MODERATE,320.7,320.7,0.0,98.0,0,26.3,0,4,1,7.6,34.4,0
36,12,0.2021,1017,0,0,0,0,8.64,8.64,8.07,0.57,255.93,0,261.12,223.62,0,78.03,0,MODERATE,296.0,296.0,0.0,98.9,0,27.1,0,6,0,8.2,35.7,0
37,13,0.1988,1026,0,0,0,0,8.57,8.57,7.43,1.14,513.18,0,237.67,309.11,0,80.21,0,MODERATE,318.1,318.1,0.0,99.5,0,26.1,0,5,0,10.8,35.5,0
38,14,0.1836,920,0,0,0,1,8.26,8.26,7.5,0.76,340.58,0,264.52,164.62,0,75.35,0,MODERATE,302.5,302.5,0.0,100.0,0,24.8,0,6,1,10.5,35.9,0
39,15,0.1921,980,0,0,0,0,8.68,8.68,6.47,2.21,994.09,0,256.31,347.91,0,86.46,0,MODERATE,283.6,283.6,0.0,100.0,0,26.2,0,7,0,7.7,36.2,0
40,16,0.194,959,0,0,0,0,8.66,8.66,5.74,2.91,1311.63,0,258.38,297.71,0,95.48,0,MODERATE,331.9,331.9,0.0,100.0,0,25.5,0,3,0,9.8,34.8,0
41,17,0.1903,958,0,0,1,1,8.48,8.48,3.38,5.1,2294.68,0,244.83,186.61,0,115.55,1,UNHEALTHY,464.9,464.9,0.0,99.5,0,25.1,0,4,1,10.5,34.6,0
42,18,0.0888,452,0,0,1,1,8.43,5.87,2.19,3.68,1654.73,1,235.88,264.91,0,97.67,0,MODERATE,509.6,509.6,0.0,98.7,0,26.2,0,7,3,7.5,35.5,0
43,19,0.1001,512,0,0,1,0,8.62,6.35,2.68,3.67,1650.61,1,249.98,288.77,0,92.95,0,MODERATE,504.0,504.0,0.0,97.9,0,28.2,0,5,0,7.1,35.5,0
44,20,0.0995,498,0,0,1,0,7.99,6.17,2.59,3.58,1610.72,1,250.98,167.86,0,90.3,0,MODERATE,493.6,493.6,0.0,97.2,0,24.3,0,6,0,9.7,35.3,0
45,21,0.1047,532,0,0,1,1,8.89,6.04,2.4,3.64,1637.15,1,247.02,271.11,0,90.7,0,MODERATE,345.1,345.1,0.0,97.7,0,26.3,0,5,1,9.1,35.3,0
46,22,0.0993,502,0,0,1,0,8.49,5.7,2.02,3.68,1656.3,1,246.74,327.02,0,90.36,0,MODERATE,246.1,246.1,0.0,99.0,0,26.3,0,6,0,7.1,35.1,0
47,23,0.1021,521,0,0,1,0,5.31,5.31,2.56,2.75,1239.61,0,238.99,166.93,0,83.47,0,MODERATE,168.3,168.3,0.0,100.0,0,29.0,0,5,0,9.7,35.1,0
